"timestep","prob_1_2","prob_1_3","prob_2_1","prob_2_3","prob_3_1","prob_3_2"
1,0.2,0,0.000100544004853074,0.343171854419021,0,0.262758475341723
2,0.267379679144385,0,0.000279032628755184,0.499952352687277,5.44872720456865e-07,0.113546026216006
3,0.0580204778156997,0,0.00780141703649037,0.128639292787597,3.16924987971256e-05,0.481522655814936
4,0.855079271873165,0.00105695830886671,0.00037790119939575,0.411652377889451,5.03724684236584e-06,0.236643380194121
5,0.586826347305389,0,0.000850206827284419,0.325025548487484,3.1024089416684e-05,0.0790257173926304
6,0.309480401093892,0,0.00141356619429926,0.676455830055499,0.000119943759703783,0.00885762453605087
3.5,0.379464362872089,0.000176159718144451,0.00180377798184634,0.397482876054388,3.13737445800693e-05,0.197058979915911
