"timestep","prob_1_2","prob_1_3","prob_2_1","prob_2_3","prob_3_1","prob_3_2"
1,0.686721404303511,0,0.0087333716121997,0.0651659099352958,2.21502421390637e-06,0.41096008747869
2,0.237915575480492,0,0.068763794156387,0.102834505526513,2.8943808276214e-05,0.303527285435261
3,0.433502198076749,0,0.087263159374397,0.0237065320965078,3.31388085272782e-05,0.350408656740489
4,0.512563411031914,0.000356386052783664,0.036992980746835,0.164632441589025,5.90348118964467e-05,0.122924460297535
5,0.384339198371795,1.64133539047369e-05,0.058850541213594,0.0391314496662587,8.21446320536569e-06,0.21667186916003
6,0.415393050022606,7.12014895351611e-06,0.0336244558496407,0.299138232912153,0,0.0101108510740941
3.5,0.445072472881178,6.33199259403195e-05,0.0490380504921756,0.115768178620959,2.19244860198685e-05,0.235767201697683
