"timestep","prob_1_2","prob_1_3","prob_2_1","prob_2_3","prob_3_1","prob_3_2"
1,0.693330699848575,6.5837118967674e-05,0.0029821948123868,0.209152688985599,1.99060751748948e-06,0.203580227056656
2,0.236893120234351,0,0.0269537390453533,0.25619749281693,7.6694794025859e-06,0.181598891979354
3,0.432667645261217,4.17905145979491e-05,0.0381853753538398,0.117656084902402,1.91442770412913e-05,0.321895807927829
4,0.534869876082382,0.000398870066587488,0.0125307684269977,0.277822131046715,2.09491818833519e-05,0.157907439020423
5,0.388855244075414,0.000175307186000924,0.0208217934390206,0.147323756553694,1.54726050430188e-05,0.164310264625551
6,0.417655508368723,9.36797401948539e-05,0.0122134872688121,0.505386074832067,4.35632900049148e-05,0.017117303075656
3.5,0.45071201564511,0.000129247437724815,0.018947893057735,0.252256371522901,1.81315734821087e-05,0.174401655614245
